{
  "description": "项目配置文件。",
  "packOptions": {
    "ignore": []
  },
  "setting": {
    "urlCheck": false,
    "postcss": true
  },
  "compileType": "miniprogram",
  "libVersion": "",
  "appid": "wxb7f9f2b3c6a16cfa",
  "projectname": "OA",
  "condition": {
    "search": {
      "current": -1,
      "list": []
    },
    "conversation": {
      "current": -1,
      "list": []
    },
    "game": {
      "current": -1,
      "list": []
    },
    "miniprogram": {
      "current": -1,
      "list": []
    }
  }
}